{
  "attributes": {

    "contentPadding": {
      "type": "string",
      "default": "medium"
    },
    "contentPaddingCustom":  {
      "type": "number",
      "default": 50
    },
    "contentWidth":  {
      "type": "string",
      "default": "full"
    },
    "contentWidthCustom":  {
      "type": "number",
      "default": 100
    },
    "minHeight": {
      "type": "number",
      "default": 0
    },

    "verticalAlignment": {
      "type": "string",
      "default": "center"
    },
    "horizontalAlignment": {
      "type": "string",
      "default": "center"
    },

    "enableParallax": {
      "type": "boolean",
      "default": true
    },
    "parallaxAmount": {
      "type": "string",
      "default": "50"
    },
    "parallaxCustomAmount": {
      "type": "number",
      "default": 50
    },

    "slideshowType": {
      "type": "string",
      "default": "gallery"
    },
    "galleryImages": {
      "type": "array",
      "default": []
    },

    "contentColor": {
      "type": "string",
      "default": "#FFF"
    },
    "overlayFilterStyle": {
      "type": "string",
      "default": "dark"
    },
    "overlayFilterStrength": {
      "type": "number",
      "default": 30
    }
  }
}