{
  "attributes": {
    "imageUrl": {
      "type": "string",
      "attribute": "src",
      "default": "https://images.unsplash.com/photo-1549631998-6d554b1402ae?ixlib=rb-1.2.1&ixid=eyJhcHBfaWQiOjEyMDd9&auto=format&fit=crop&w=1600&q=80"
    },
    "imageAlt": {
      "attribute": "alt"
    },
    "backgroundColor": {
      "type": "string",
      "default": "#000"
    },
    "mediaPosition": {
      "default": "left"
    },
    "mediaStyle": {
      "default": "simple-grid"
    },
    "contentStyle": {
      "default": "basic"
    },
    "blockStyle": {
      "default": "basic"
    },
    "backgroundType": {
      "type": "string",
      "default": "transparent"
    },
    "galleryImages": {
      "type": "array",
      "default": []
    }
  }
}
